Name,TID,TicketsInWinGamesDraw,TicketsInCollabDraw,TicketsInPresentDraw,Rarity,IsRarityOfferContainer,GroupType,ShuffleRandomizeRewards,CustomRewards,IsOverchargeDraw,IsRankedDraw,CollabId,MultiDropCount,CombineCurrencies,SplitCount0Tickets,SplitCount1Tickets,SplitCount2Tickets,SplitCount3Tickets,PremiumDrawCountForMultiDrops,SCW,VisualType,TransitionExportName,SCFilename,TargetClip,SlashesNeeded,SlashClawEffect,SlashClawShadow,SlashClawCount,SoundSlash,CustomBgExportName,BackgroundFrameLabel,ChargeProgressClip,HoldChargeEffect,TouchEffectFilename,TouchEffectExportName,TapEffectClip1,TapEffectClip2,TapEffectClip3,TapEffectClipBg,UpgradeEffectClip,UpgradeEffectClipBg,FinalContainerEffectClip,FinalContainerEffectClipBg,OpeningEffectClip,OpeningEffectClipBg,RewardsLeftIcon,OpeningInstruction,Intro3DAnimStart,Intro3DAnimEnd,Idle3DAnimStart,Idle3DAnimEnd,Miss3DAnimStart,Miss3DAnimEnd,Upgrade3DAnimStart,Upgrade3DAnimEnd,Open3DAnimStart,Open3DAnimEnd,SoundAppear,SoundCharge,SoundMiss,SoundUpgrade,SoundReadyToOpen,SoundReadyToOpen2,SoundOpen,FaceFileName,FaceIdleExportName,FaceUpgradeExportName,FaceOpenExportName,SoloOfferDefaultBgFrameName,SoloOfferDefaultTitleTID,RarityFrameLabel,AnimationSCW,PiggyTap1,PiggyTap2,PiggyTap3,PiggyTap4,PiggyTapBackground1,PiggyTapBackground2,PiggyTapBackground3,PiggyTapBackground4,PiggyTapBackgroundFinal,PiggyTapBackgroundFinalBg,CustomAnimationNames,CustomAnimationStartFrames,CustomAnimationEndFrames,DescriptionExportName,GachaSummaryExportNameOverride
String,String,int,int,int,int,boolean,String,boolean,boolean,boolean,boolean,int,int,,int,int,int,int,int,String,String,String,String,String,int,String,boolean,int,String,String,String,String,String,String,String,String,String,String,String,String,String,String,String,String,String,String,String,int,int,int,int,int,int,int,int,int,int,String,String,String,String,String,String,String,String,String,String,String,String,String,String,String,String,String,String,String,String,String,String,String,String,String,String,int,int,String,String
RareStar,TID_SHOP_OFFER_TITLE_50,,,,1,TRUE,,,,TRUE,,,1,TRUE,,,,,1,sc3d/bbox_10.scw,CHEST,gacha_whiteflash,,,,,,,,gatcha_screen_lootbox_appear,no_rarity,,,,,,,,,,,,,,,gacha_random_reward_icon,,,,,,,,,,,,Roll,,UI_Meta_Star_Tap_No_Upgrade,UI_Meta_Star_Tap_Upgrade,UI_Meta_Star_Rare_VO,Reveal_epic,Demonic_Spawn_Item,,starr_01_idle,starr_01_change,starr_01_final,offer_rarity_rare,TID_SHOP_GATCHA_BOX_2,level_1,,,,,,,,,,,,,,,,gatcha_summary_redirecter_brawler_box
SuperRareStar,TID_SHOP_OFFER_TITLE_50,,,,2,TRUE,,,,TRUE,,,,TRUE,,,,,,sc3d/bbox_10.scw,CHEST,gacha_whiteflash,,,,,,,,gatcha_screen_lootbox_appear,no_rarity,,,,,,,,,,,,,,,gacha_random_reward_icon,,,,,,,,,,,,Roll,,UI_Meta_Star_Tap_No_Upgrade,UI_Meta_Star_Tap_Upgrade,UI_Meta_Star_Super_Rare_VO,Reveal_epic,Demonic_Spawn_Item,,starr_01_idle,starr_01_change,starr_01_final,offer_rarity_rare,TID_SHOP_GATCHA_BOX_2,level_1,,,,,,,,,,,,,,,,gatcha_summary_redirecter_brawler_box
EpicStar,TID_SHOP_OFFER_TITLE_50,,,,3,TRUE,,,,TRUE,,,,TRUE,,,,,,sc3d/bbox_10.scw,CHEST,gacha_whiteflash,,,,,,,,gatcha_screen_lootbox_appear,no_rarity,,,,,,,,,,,,,,,gacha_random_reward_icon,,,,,,,,,,,,Roll,,UI_Meta_Star_Tap_No_Upgrade,UI_Meta_Star_Tap_Upgrade,UI_Meta_Star_Epic_VO,Reveal_epic,Demonic_Spawn_Item,,starr_01_idle,starr_01_change,starr_01_final,offer_rarity_rare,TID_SHOP_GATCHA_BOX_1,level_1,,,,,,,,,,,,,,,,gatcha_summary_redirecter_brawler_box
MythicStar,TID_SHOP_OFFER_TITLE_14,,,,4,TRUE,,,,TRUE,,,,TRUE,,,,,,sc3d/bbox_10.scw,CHEST,gacha_whiteflash,,,,,,,,gatcha_screen_lootbox_appear,no_rarity,,,,,,,,,,,,,,,gacha_random_reward_icon,,,,,,,,,,,,Roll,,UI_Meta_Star_Tap_No_Upgrade,UI_Meta_Star_Tap_Upgrade,UI_Meta_Star_Mythic_VO,Reveal_epic,Demonic_Spawn_Item,,starr_01_idle,starr_01_change,starr_01_final,offer_rarity_super_rare,TID_SHOP_GATCHA_BOX_1,level_2,,,,,,,,,,,,,,,,gatcha_summary_redirecter_brawler_box
LegendaryStar,TID_SHOP_OFFER_TITLE_14,,,,5,TRUE,,,,TRUE,,,,TRUE,,,,,,sc3d/bbox_10.scw,CHEST,gacha_whiteflash,,,,,,,,gatcha_screen_lootbox_appear,no_rarity,,,,,,,,,,,,,,,gacha_random_reward_icon,,,,,,,,,,,,Roll,,UI_Meta_Star_Tap_No_Upgrade,UI_Meta_Star_Tap_Upgrade,UI_Meta_Star_Legendary_VO,Reveal_epic,Demonic_Spawn_Item,,starr_01_idle,starr_01_change,starr_01_final,offer_rarity_super_rare,TID_SHOP_GATCHA_BOX_2,level_2,,,,,,,,,,,,,,,,gatcha_summary_redirecter_brawler_box
OverchargeStar,TID_SHOP_STARR_DROP_OVERCHARGE,,,,,,,,,TRUE,,,,TRUE,,,,,,sc3d/overcharged_reward_geo.glb,,,,,,,,,,overcharge,overcharge,,,,gacha_vfx_tap,,,gacha_vfx_tap,,,,gacha_vfx_legendary,gacha_vfx_legendary_bg,gacha_vfx_open,gacha_vfx_open_bg,gacha_random_reward_icon,,0,11,15,45,65,75,85,120,125,157,,,UI_Meta_Star_Tap_No_Upgrade,UI_Meta_Star_Tap_Upgrade,UI_Meta_Star_Legendary_VO,Reveal_legendary,UI_Meta_Star_Tap_Explode,characters.sc,starr_01_idle,starr_01_change,starr_01_final,,,overcharge,,,,,,,,,,,,,,,,gatcha_summary_redirecter_brawler_box
ClubPiggyBank,,,,,,,,,,TRUE,,,,,,,,,,sc3d/ui_golden_pig_geo.glb,PIGGYBANK,,,,,,,,,,,,,,,gacha_vfx_tap,,,,,,,,,,gacha_random_reward_icon,,,,200,399,73,91,,,99,160,,,Piggybank_Tap,,,,Piggybank_Explosion_Jingle,ui.sc,,,,,,,sc3d/ui_golden_pig_anim.glb,piggybank_vfx_crack_01,piggybank_vfx_crack_02,piggybank_vfx_crack_03,piggybank_vfx_crack_04,piggybank_vfx_crack_01_tab,piggybank_vfx_crack_02_tab,piggybank_vfx_crack_03_tab,piggybank_vfx_crack_04_tab,gacha_vfx_piggy_open,gacha_vfx_piggy_bg,SMALL_DROP,0,19,,gatcha_summary_redirecter_brawler_box
,,,,,,,,,,,,,,,,,,,,,,,,,,,,,,,,,,,,,,,,,,,,,,,,,,,,,,,,,,,,,,,,,,,,,,,,,,,,,,,,,,,BIG_DROP,29,69,,gatcha_summary_redirecter_brawler_box
RankedStar,TID_SHOP_STARR_DROP_RANKED,,,,,,,,,TRUE,,,,TRUE,,,,,,sc3d/ranked_rng_reward.glb,,,,,,,,,,,ranked,,,,,gacha_vfx_tap,,,,,,gacha_vfx_mythic,gacha_vfx_mythic_bg,gacha_vfx_open,gacha_vfx_open_bg,gacha_random_reward_icon,,0,29,39,73,75,94,75,94,119,152,,,UI_Meta_Star_Tap_No_Upgrade,UI_Meta_Star_Tap_Upgrade,UI_Meta_Star_Mythic_VO,Reveal_epic,UI_Meta_Star_Tap_Explode,characters.sc,ranked_reward_idle,,ranked_reward_final,offer_rarity_mythic,TID_SHOP_STARR_DROP_MYTHIC,ranked,,,,,,,,,,,,,,,,gatcha_summary_redirecter_brawler_box
RareCollabDrop,TID_SHOP_OFFER_TITLE_60,,,40,1,,,,,,,7,,TRUE,,,,,,,SLASHING,,sc/collab_godzilla.sc,collab_godzilla_random_reward_opening,4,,TRUE,4,Eggslash_Sfx_01,collab_godzilla_random_reward_opening_bg,rare,,,,,gacha_vfx_tap,,,,,,gacha_vfx_rare,gacha_vfx_rare_bg,gacha_vfx_open,gacha_vfx_open_light_bg,gacha_random_reward_icon,,0,11,15,45,65,75,65,75,125,157,,,UI_Meta_Star_Tap_No_Upgrade,UI_Meta_Star_Tap_Upgrade,UI_Meta_Star_Rare_VO,Reveal_epic,,characters.sc,starr_01_idle,starr_01_change,starr_01_final,offer_rarity_rare,TID_SHOP_STARR_DROP_RARE,rare,,,,,,,,,,,,,,,,gatcha_summary_redirecter_brawler_box
SuperRareCollabDrop,TID_SHOP_OFFER_TITLE_60,,,25,2,,,,,,,7,,TRUE,,,,,,,SLASHING,,sc/collab_godzilla.sc,collab_godzilla_random_reward_opening,4,,TRUE,4,Eggslash_Sfx_05,collab_godzilla_random_reward_opening_bg,super_rare,,,,,gacha_vfx_tap,,,,,,gacha_vfx_superrare,gacha_vfx_superrare_bg,gacha_vfx_open,gacha_vfx_open_light_bg,gacha_random_reward_icon,,0,11,15,45,65,75,65,75,125,157,,,UI_Meta_Star_Tap_No_Upgrade,UI_Meta_Star_Tap_Upgrade,UI_Meta_Star_Super_Rare_VO,Reveal_epic,,characters.sc,starr_01_idle,starr_01_change,starr_01_final,offer_rarity_super_rare,TID_SHOP_STARR_DROP_SUPER_RARE,super_rare,,,,,,,,,,,,,,,,gatcha_summary_redirecter_brawler_box
EpicCollabDrop,TID_SHOP_OFFER_TITLE_60,,,20,3,,,,,,,7,,TRUE,,,,,,,SLASHING,,sc/collab_godzilla.sc,collab_godzilla_random_reward_opening,5,,TRUE,4,Eggslash_Sfx_09,collab_godzilla_random_reward_opening_bg,epic,,,,,gacha_vfx_tap,,,,,,gacha_vfx_epic,gacha_vfx_epic_bg,gacha_vfx_open,gacha_vfx_open_light_bg,gacha_random_reward_icon,,0,11,15,45,65,75,65,75,125,157,,,UI_Meta_Star_Tap_No_Upgrade,UI_Meta_Star_Tap_Upgrade,UI_Meta_Star_Epic_VO,Reveal_epic,,characters.sc,starr_01_idle,starr_01_change,starr_01_final,offer_rarity_epic,TID_SHOP_STARR_DROP_EPIC,epic,,,,,,,,,,,,,,,,gatcha_summary_redirecter_brawler_box
MythicCollabDrop,TID_SHOP_OFFER_TITLE_60,,,10,4,,,,,,,7,,TRUE,,,,,,,SLASHING,,sc/collab_godzilla.sc,collab_godzilla_random_reward_opening,6,,TRUE,4,Eggslash_Sfx_14,collab_godzilla_random_reward_opening_bg,mythic,,,,,gacha_vfx_tap,,,,,,gacha_vfx_mythic,gacha_vfx_mythic_bg,gacha_vfx_open,gacha_vfx_open_bg,gacha_random_reward_icon,,0,11,15,45,65,75,65,75,125,157,,,UI_Meta_Star_Tap_No_Upgrade,UI_Meta_Star_Tap_Upgrade,UI_Meta_Star_Mythic_VO,Reveal_epic,,characters.sc,starr_01_idle,starr_01_change,starr_01_final,offer_rarity_mythic,TID_SHOP_STARR_DROP_MYTHIC,mythic,,,,,,,,,,,,,,,,gatcha_summary_redirecter_brawler_box
LegendaryCollabDrop,TID_SHOP_OFFER_TITLE_60,,,5,5,,,,,,,7,,TRUE,,,,,,,SLASHING,,sc/collab_godzilla.sc,collab_godzilla_random_reward_opening,20,,TRUE,4,Eggslash_Sfx_20,collab_godzilla_random_reward_opening_bg,legendary,,,,,gacha_vfx_tap,,,,,,gacha_vfx_legendary,gacha_vfx_legendary_bg,gacha_vfx_open,gacha_vfx_open_bg,gacha_random_reward_icon,,0,11,15,45,65,75,65,75,125,157,,,UI_Meta_Star_Tap_No_Upgrade,UI_Meta_Star_Tap_Upgrade,UI_Meta_Star_Legendary_VO,Reveal_epic,,characters.sc,starr_01_idle,starr_01_change,starr_01_final,offer_rarity_legendary,TID_SHOP_STARR_DROP_LEGENDARY,legendary,,,,,,,,,,,,,,,,gatcha_summary_redirecter_brawler_box
MegaBox,TID_SHOP_GATCHA_BOX_3,,,,,,,,,,,2,7,TRUE,,,,,,sc3d/bbox_11.scw,CHEST,gacha_whiteflash,sc/faggot.sc,,,,,,,gatcha_screen_lootbox_appear,no_rarity,,,,,,,,,,,,,,,gacha_random_reward_icon,,,,,,,,,,,,Roll,,UI_Meta_Star_Tap_No_Upgrade,UI_Meta_Star_Tap_Upgrade,,Reveal_epic,Demonic_Spawn_Item,,starr_01_idle,starr_01_change,starr_01_final,offer_rarity_mythic,,no_rarity,,,,,,,,,,,,,,,,gatcha_summary_redirecter_brawler_box
AngelicStar,,,,,,,,,,,,9,,TRUE,,,,,,sc3d/star_angel_level_3.glb,CHARGING,,,,,,,,,collab_bg_star_angels,no_rarity,collab_gacha_radial_progress_angels,,sc/effects.sc,dynamike_spark,gacha_vfx_tap,,,,,,gacha_vfx_superrare,gacha_vfx_superrare_bg,gacha_vfx_open,gacha_vfx_open_bg,gacha_random_reward_icon,,0,54,55,80,0,0,0,0,84,119,Angelic_Drop_Appear,Angelic_Drop_Tap_Open_6secs,UI_Meta_Star_Tap_No_Upgrade,UI_Meta_Star_Tap_Upgrade,UI_Meta_Star_Super_Rare_VO,Reveal_rare,Angelic_Drop_Open,characters.sc,starr_angel_idle,starr_angel_charge,starr_angel_open,offer_rarity_super_rare,TID_SHOP_STARR_DROP_SUPER_RARE,super_rare,,,,,,,,,,,,,,,,gatcha_summary_redirecter_brawler_box
DemonicStar,,,,,,,,,,,,9,,TRUE,,,,,,sc3d/star_demon_level_3.glb,CHARGING,,,,,,,,,collab_bg_star_demons,no_rarity,collab_gacha_radial_progress_demons,,sc/effects.sc,dynamike_spark,gacha_vfx_tap,,,,,,gacha_vfx_mythic,gacha_vfx_mythic_bg,gacha_vfx_open,gacha_vfx_open_bg,gacha_random_reward_icon,,0,54,55,80,0,0,0,0,84,119,Demonic_Drop_Appear,Demonic_Drop_Tap_Open_6secs,UI_Meta_Star_Tap_No_Upgrade,UI_Meta_Star_Tap_Upgrade,UI_Meta_Star_Mythic_VO,Reveal_epic,Demonic_Drop_Open,characters.sc,starr_demon_idle,starr_demon_charge,starr_demon_open,offer_rarity_mythic,TID_SHOP_STARR_DROP_MYTHIC,mythic,,,,,,,,,,,,,,,,gatcha_summary_redirecter_brawler_box
SeasonBoxLevel1,TID_SEASON_BOX_LEVEL_1,,,,,,SEASON_BOX,,,,,,4,TRUE,,,,,1,sc3d/bling_box_1_geo.glb,CHEST,gacha_whiteflash,,,,,,,,gatcha_screen_lootbox_appear,no_rarity,,,,,,,,,,,,,,,gacha_random_reward_icon,,,,,,,,,,,,Roll,,UI_Meta_Star_Tap_No_Upgrade,UI_Meta_Star_Tap_Upgrade,,Reveal_rare,Demonic_Spawn_Item,,,,,offer_rarity_rare,TID_SEASON_BOX_LEVEL_1,level_1,,,,,,,,,,,,,,,,gatcha_summary_redirecter_brawler_box
SeasonBoxLevel2,TID_SEASON_BOX_LEVEL_2,,,,,,SEASON_BOX,,,,,,8,TRUE,,,,,1,sc3d/bling_box_2_geo.glb,CHEST,gacha_whiteflash,,,,,,,,gatcha_screen_lootbox_appear,no_rarity,,,,,,,,,,,,,,,gacha_random_reward_icon,,,,,,,,,,,,Roll,,UI_Meta_Star_Tap_No_Upgrade,UI_Meta_Star_Tap_Upgrade,,Reveal_rare,Demonic_Spawn_Item,,,,,offer_rarity_super_rare,TID_SEASON_BOX_LEVEL_2,level_2,,,,,,,,,,,,,,,,gatcha_summary_redirecter_brawler_box
SeasonBoxLevel3,TID_SEASON_BOX_LEVEL_3,,,,,,SEASON_BOX,,,,,,12,TRUE,,,,,1,sc3d/bling_box_3_geo.glb,CHEST,gacha_whiteflash,,,,,,,,gatcha_screen_lootbox_appear,no_rarity,,,,,,,,,,,,,,,gacha_random_reward_icon,,,,,,,,,,,,Roll,,UI_Meta_Star_Tap_No_Upgrade,UI_Meta_Star_Tap_Upgrade,,Reveal_epic,Demonic_Spawn_Item,,,,,offer_rarity_epic,TID_SEASON_BOX_LEVEL_3,level_3,,,,,,,,,,,,,,,,gatcha_summary_redirecter_brawler_box
SeasonBoxLevel4,TID_SEASON_BOX_LEVEL_4,,,,,,SEASON_BOX,,,,,,16,TRUE,,,,,1,sc3d/bling_box_4_geo.glb,CHEST,gacha_whiteflash,,,,,,,,gatcha_screen_lootbox_appear,no_rarity,,,,,,,,,,,,,,,gacha_random_reward_icon,,,,,,,,,,,,Roll,,UI_Meta_Star_Tap_No_Upgrade,UI_Meta_Star_Tap_Upgrade,,Reveal_epic,Demonic_Spawn_Item,,,,,offer_rarity_mythic,TID_SEASON_BOX_LEVEL_4,level_4,,,,,,,,,,,,,,,,gatcha_summary_redirecter_brawler_box
SeasonBoxLevel5,TID_SEASON_BOX_LEVEL_5,,,,,,SEASON_BOX,,,,,,20,TRUE,,,,,1,sc3d/bbox_13.scw,CHEST,gacha_yellowflash,,,,,,,,gatcha_screen_lootbox_appear,no_rarity,,,,,,,,,,,,,,,gacha_random_reward_icon,,,,,,,,,,,,Roll,,UI_Meta_Star_Tap_No_Upgrade,UI_Meta_Star_Tap_Upgrade,UI_Meta_Star_Mythic_VO,Reveal_epic,Demonic_Spawn_Item,characters.sc,starr_01_idle,starr_01_change,starr_01_final,offer_rarity_super_rare,TID_SEASON_BOX_LEVEL_1,level_2,,,,,,,,,,,,,,,gacha_splitting_star_opening_description_screen_hud_bottom,gatcha_summary_redirecter_brawler_box
RarePresentDrop,TID_SHOP_OFFER_TITLE_60,,,40,1,,,,,,,7,,TRUE,,,,,,,SLASHING,,sc/gacha.sc,collab_godzilla_random_reward_opening,4,,TRUE,4,Eggslash_Sfx_01,collab_godzilla_random_reward_opening_bg,rare,,,,,gacha_vfx_tap,,,,,,gacha_vfx_rare,gacha_vfx_rare_bg,gacha_vfx_open,gacha_vfx_open_light_bg,gacha_gift_icon,collab_godzilla_gacha_opening_hint,0,11,15,45,65,75,65,75,125,157,,,UI_Meta_Star_Tap_No_Upgrade,UI_Meta_Star_Tap_Upgrade,UI_Meta_Star_Rare_VO,Reveal_epic,,characters.sc,starr_01_idle,starr_01_change,starr_01_final,offer_rarity_rare,TID_SHOP_STARR_DROP_RARE,rare,,,,,,,,,,,,,,,,gatcha_summary_redirecter_brawler_box
SuperRarePresentDrop,TID_SHOP_OFFER_TITLE_60,,,25,2,,,,,,,7,,TRUE,,,,,,,SLASHING,,sc/gacha.sc,collab_godzilla_random_reward_opening,4,,TRUE,4,Eggslash_Sfx_05,collab_godzilla_random_reward_opening_bg,super_rare,,,,,gacha_vfx_tap,,,,,,gacha_vfx_superrare,gacha_vfx_superrare_bg,gacha_vfx_open,gacha_vfx_open_light_bg,gacha_gift_icon,collab_godzilla_gacha_opening_hint,0,11,15,45,65,75,65,75,125,157,,,UI_Meta_Star_Tap_No_Upgrade,UI_Meta_Star_Tap_Upgrade,UI_Meta_Star_Super_Rare_VO,Reveal_epic,,characters.sc,starr_01_idle,starr_01_change,starr_01_final,offer_rarity_super_rare,TID_SHOP_STARR_DROP_SUPER_RARE,super_rare,,,,,,,,,,,,,,,,gatcha_summary_redirecter_brawler_box
EpicPresentDrop,TID_SHOP_OFFER_TITLE_60,,,20,3,,,,,,,7,,TRUE,,,,,,,SLASHING,,sc/gacha.sc,collab_godzilla_random_reward_opening,5,,TRUE,4,Eggslash_Sfx_09,collab_godzilla_random_reward_opening_bg,epic,,,,,gacha_vfx_tap,,,,,,gacha_vfx_epic,gacha_vfx_epic_bg,gacha_vfx_open,gacha_vfx_open_light_bg,gacha_gift_icon,collab_godzilla_gacha_opening_hint,0,11,15,45,65,75,65,75,125,157,,,UI_Meta_Star_Tap_No_Upgrade,UI_Meta_Star_Tap_Upgrade,UI_Meta_Star_Epic_VO,Reveal_epic,,characters.sc,starr_01_idle,starr_01_change,starr_01_final,offer_rarity_epic,TID_SHOP_STARR_DROP_EPIC,epic,,,,,,,,,,,,,,,,gatcha_summary_redirecter_brawler_box
MythicPresentDrop,TID_SHOP_OFFER_TITLE_60,,,10,4,,,,,,,7,,TRUE,,,,,,,SLASHING,,sc/gacha.sc,collab_godzilla_random_reward_opening,6,,TRUE,4,Eggslash_Sfx_14,collab_godzilla_random_reward_opening_bg,mythic,,,,,gacha_vfx_tap,,,,,,gacha_vfx_mythic,gacha_vfx_mythic_bg,gacha_vfx_open,gacha_vfx_open_bg,gacha_gift_icon,collab_godzilla_gacha_opening_hint,0,11,15,45,65,75,65,75,125,157,,,UI_Meta_Star_Tap_No_Upgrade,UI_Meta_Star_Tap_Upgrade,UI_Meta_Star_Mythic_VO,Reveal_epic,,characters.sc,starr_01_idle,starr_01_change,starr_01_final,offer_rarity_mythic,TID_SHOP_STARR_DROP_MYTHIC,mythic,,,,,,,,,,,,,,,,gatcha_summary_redirecter_brawler_box
LegendaryPresentDrop,TID_SHOP_OFFER_TITLE_60,,,5,5,,,,,,,7,,TRUE,,,,,,,SLASHING,,sc/gacha.sc,collab_godzilla_random_reward_opening,20,,TRUE,4,Eggslash_Sfx_20,collab_godzilla_random_reward_opening_bg,legendary,,,,,gacha_vfx_tap,,,,,,gacha_vfx_legendary,gacha_vfx_legendary_bg,gacha_vfx_open,gacha_vfx_open_bg,gacha_gift_icon,collab_godzilla_gacha_opening_hint,0,11,15,45,65,75,65,75,125,157,,,UI_Meta_Star_Tap_No_Upgrade,UI_Meta_Star_Tap_Upgrade,UI_Meta_Star_Legendary_VO,Reveal_epic,,characters.sc,starr_01_idle,starr_01_change,starr_01_final,offer_rarity_legendary,TID_SHOP_STARR_DROP_LEGENDARY,legendary,,,,,,,,,,,,,,,,gatcha_summary_redirecter_brawler_box
SplitterRare,,,,35,,,,,,TRUE,,8,1,TRUE,,,,,,,SLASHING,,sc/gacha.sc,collab_godzilla_random_reward_opening,4,,TRUE,4,Eggslash_Sfx_01,collab_godzilla_random_reward_opening_bg,rare,,,,,gacha_vfx_tap,,,,,,gacha_vfx_rare,gacha_vfx_rare_bg,gacha_vfx_open,gacha_vfx_open_light_bg,gacha_gift_icon,collab_godzilla_gacha_opening_hint,0,11,15,45,65,75,65,75,125,157,,,UI_Meta_Star_Tap_No_Upgrade,UI_Meta_Star_Tap_Upgrade,UI_Meta_Star_Rare_VO,Reveal_epic,,characters.sc,starr_01_idle,starr_01_change,starr_01_final,offer_rarity_rare,TID_SHOP_STARR_DROP_RARE,rare,,,,,,,,,,,,,,,gacha_sushi_opening_description_screen_hud_bottom,gatcha_summary_redirecter_brawler_box
SplitterSuperRare,,,,22,,,,,,TRUE,,8,2,TRUE,,,,,,,SLASHING,,sc/gacha.sc,collab_godzilla_random_reward_opening,4,,TRUE,4,Eggslash_Sfx_05,collab_godzilla_random_reward_opening_bg,super_rare,,,,,gacha_vfx_tap,,,,,,gacha_vfx_superrare,gacha_vfx_superrare_bg,gacha_vfx_open,gacha_vfx_open_light_bg,gacha_gift_icon,collab_godzilla_gacha_opening_hint,0,11,15,45,65,75,65,75,125,157,,,UI_Meta_Star_Tap_No_Upgrade,UI_Meta_Star_Tap_Upgrade,UI_Meta_Star_Super_Rare_VO,Reveal_epic,,characters.sc,starr_01_idle,starr_01_change,starr_01_final,offer_rarity_super_rare,TID_SHOP_STARR_DROP_SUPER_RARE,super_rare,,,,,,,,,,,,,,,gacha_sushi_opening_description_screen_hud_bottom,gatcha_summary_redirecter_brawler_box
SplitterEpic,,,,2,,,,,,TRUE,,8,4,TRUE,,,,,1,,SLASHING,,sc/gacha.sc,collab_godzilla_random_reward_opening,4,,TRUE,4,Eggslash_Sfx_14,collab_godzilla_random_reward_opening_bg,epic,,,,,gacha_vfx_tap,,,,,,gacha_vfx_mythic,gacha_vfx_mythic_bg,gacha_vfx_open,gacha_vfx_open_bg,gacha_gift_icon,collab_godzilla_gacha_opening_hint,0,11,15,45,65,75,65,75,125,157,,,UI_Meta_Star_Tap_No_Upgrade,UI_Meta_Star_Tap_Upgrade,UI_Meta_Star_Mythic_VO,Reveal_epic,,characters.sc,starr_01_idle,starr_01_change,starr_01_final,offer_rarity_mythic,TID_SHOP_STARR_DROP_MYTHIC,mythic,,,,,,,,,,,,,,,gacha_sushi_opening_description_screen_hud_bottom,gatcha_summary_redirecter_brawler_box
SplitterMythic,,,,1,,,,,,TRUE,,8,8,TRUE,,,,,1,,SLASHING,,sc/gacha.sc,collab_godzilla_random_reward_opening,4,,TRUE,4,Eggslash_Sfx_20,collab_godzilla_random_reward_opening_bg,mythic,,,,,gacha_vfx_tap,,,,,,gacha_vfx_legendary,gacha_vfx_legendary_bg,gacha_vfx_open,gacha_vfx_open_bg,gacha_gift_icon,collab_godzilla_gacha_opening_hint,0,11,15,45,65,75,65,75,125,157,,,UI_Meta_Star_Tap_No_Upgrade,UI_Meta_Star_Tap_Upgrade,UI_Meta_Star_Legendary_VO,Reveal_epic,,characters.sc,starr_01_idle,starr_01_change,starr_01_final,offer_rarity_legendary,TID_SHOP_STARR_DROP_LEGENDARY,legendary,,,,,,,,,,,,,,,gacha_sushi_opening_description_screen_hud_bottom,gatcha_summary_redirecter_brawler_box
DancerBrawlerBox,TID_BRAWLER_BOX_DANCER,,,,,,BRAWLER_BOX,,,,,,8,TRUE,,,,,,sc3d/dancer_brawlerbox_geo.glb,CHEST,gacha_whiteflash,,,,,,,,gatcha_screen_brawler_mina_appear,no_rarity,,,,,,,,,,,,,brawlerbox_vfx_open,,gacha_random_reward_icon,,,,,,,,,,,,,,UI_Meta_Star_Tap_No_Upgrade,UI_Meta_Star_Tap_Upgrade,,Reveal_epic,UI_Meta_Star_Tap_Explode,characters.sc,starr_01_idle,starr_01_change,starr_01_final,dancer,,no_rarity,,,,,,,,,,,,,,,,gatcha_summary_dancer_brawler_box
GraffitiBox,TID_SHOP_OFFER_TITLE_73,,,,,,GRAFFITI_BOX,,,,,10,6,TRUE,,,,,1,sc3d/graffiti_box_geo.glb,CHEST,gacha_whiteflash,,,,,,,,gatcha_screen_graffitibox_appear,no_rarity,,,,,,,,,,,,,graffitibox_vfx_open,,gacha_random_reward_icon,,,,,,,,,,,,,,UI_Meta_Star_Tap_No_Upgrade,UI_Meta_Star_Tap_Upgrade,,Reveal_epic,BSX_Toy_Hoverboard_Use,characters.sc,starr_01_idle,starr_01_change,starr_01_final,offer_rarity_mythic,,no_rarity,,,,,,,,,,,,,,,,gatcha_summary_redirecter_brawler_box
FuryBrawlerBox,TID_BRAWLER_BOX_FURY,,,,,,BRAWLER_BOX,,,,,,8,TRUE,,,,,,sc3d/fury_brawlerbox_geo.glb,CHEST,gacha_whiteflash,,,,,,,,gatcha_screen_brawler_ziggy_appear,no_rarity,,,,,,,,,,,,,brawlerbox_vfx_open,,gacha_random_reward_icon,,,,,,,,,,,,,,UI_Meta_Star_Tap_No_Upgrade,UI_Meta_Star_Tap_Upgrade,,Reveal_epic,UI_Meta_Star_Tap_Explode,characters.sc,starr_01_idle,starr_01_change,starr_01_final,fury,,no_rarity,,,,,,,,,,,,,,,,gatcha_summary_fury_brawler_box
PumpkinBox,TID_SHOP_OFFER_TITLE_74,,,,,,TRICK_BOX,,,,,11,10,TRUE,,,,,,sc3d/deader_box_geo.glb,CHEST,gacha_whiteflash,,,,,,,,gatcha_screen_trickbox_appear,no_rarity,,,,,,,,,,,,,pumpkinbox_vfx_open,,gacha_random_reward_icon,,,,,,,,,,,,,,UI_Meta_Star_Tap_No_Upgrade,UI_Meta_Star_Tap_Upgrade,,Reveal_epic,Demonic_Spawn_Item,characters.sc,starr_01_idle,starr_01_change,starr_01_final,offer_rarity_mythic,,no_rarity,,,,,,,,,,,,,,,,gatcha_summary_redirecter_brawler_box
DeadBox,,,,,,,,,,,,12,10,TRUE,,,,,,sc3d/zombie_megabox_geo.glb,CHEST,gacha_whiteflash,,,,,,,,gatcha_screen_zombiebox_appear,no_rarity,,,,,,,,,,,,,,,gacha_random_reward_icon,,,,,,,,,,,,,,UI_Meta_Star_Tap_No_Upgrade,UI_Meta_Star_Tap_Upgrade,,Reveal_epic,UI_Meta_Star_Tap_Explode,characters.sc,starr_01_idle,starr_01_change,starr_01_final,offer_rarity_mythic,,no_rarity,,,,,,,,,,,,,,,,gatcha_summary_redirecter_brawler_box
RareSplittingStar,,,,,4,TRUE,SPLITTING_STAR,,,TRUE,,,,TRUE,,,,,,sc3d/bbox_12.scw,CHEST,gacha_whiteflash,,,,,,,,gatcha_screen_lootbox_appear,no_rarity,,,,,,,,,,,,,,,gacha_random_reward_icon,,,,,,,,,,,,Roll,,UI_Meta_Star_Tap_No_Upgrade,UI_Meta_Star_Tap_Upgrade,UI_Meta_Star_Mythic_VO,Reveal_epic,Demonic_Spawn_Item,characters.sc,starr_01_idle,starr_01_change,starr_01_final,offer_rarity_super_rare,TID_SEASON_BOX_LEVEL_2,level_2,,,,,,,,,,,,,,,gacha_splitting_star_opening_description_screen_hud_bottom,gatcha_summary_redirecter_brawler_box
SuperRareSplittingStar,,,,,4,TRUE,SPLITTING_STAR,,,TRUE,,,,TRUE,,,,,,sc3d/bbox_12.scw,CHEST,gacha_whiteflash,,,,,,,,gatcha_screen_lootbox_appear,no_rarity,,,,,,,,,,,,,,,gacha_random_reward_icon,,,,,,,,,,,,Roll,,UI_Meta_Star_Tap_No_Upgrade,UI_Meta_Star_Tap_Upgrade,UI_Meta_Star_Mythic_VO,Reveal_epic,Demonic_Spawn_Item,characters.sc,starr_01_idle,starr_01_change,starr_01_final,offer_rarity_super_rare,TID_SEASON_BOX_LEVEL_2,level_2,,,,,,,,,,,,,,,gacha_splitting_star_opening_description_screen_hud_bottom,gatcha_summary_redirecter_brawler_box
EpicSplittingStar,,,,,4,TRUE,SPLITTING_STAR,,,TRUE,,,,TRUE,,,,,,sc3d/bbox_12.scw,CHEST,gacha_whiteflash,,,,,,,,gatcha_screen_lootbox_appear,no_rarity,,,,,,,,,,,,,,,gacha_random_reward_icon,,,,,,,,,,,,Roll,,UI_Meta_Star_Tap_No_Upgrade,UI_Meta_Star_Tap_Upgrade,UI_Meta_Star_Mythic_VO,Reveal_epic,Demonic_Spawn_Item,characters.sc,starr_01_idle,starr_01_change,starr_01_final,offer_rarity_super_rare,TID_SEASON_BOX_LEVEL_2,level_2,,,,,,,,,,,,,,,gacha_splitting_star_opening_description_screen_hud_bottom,gatcha_summary_redirecter_brawler_box
MythicSplittingStar,,,,,4,TRUE,SPLITTING_STAR,,,TRUE,,,,TRUE,,,,,,sc3d/bbox_12.scw,CHEST,gacha_whiteflash,,,,,,,,gatcha_screen_lootbox_appear,no_rarity,,,,,,,,,,,,,,,gacha_random_reward_icon,,,,,,,,,,,,Roll,,UI_Meta_Star_Tap_No_Upgrade,UI_Meta_Star_Tap_Upgrade,UI_Meta_Star_Mythic_VO,Reveal_epic,Demonic_Spawn_Item,characters.sc,starr_01_idle,starr_01_change,starr_01_final,offer_rarity_super_rare,TID_SEASON_BOX_LEVEL_2,level_2,,,,,,,,,,,,,,,gacha_splitting_star_opening_description_screen_hud_bottom,gatcha_summary_redirecter_brawler_box
LegendarySplittingStar,,,,,4,TRUE,SPLITTING_STAR,,,TRUE,,,,TRUE,,,,,,sc3d/bbox_12.scw,CHEST,gacha_whiteflash,,,,,,,,gatcha_screen_lootbox_appear,no_rarity,,,,,,,,,,,,,,,gacha_random_reward_icon,,,,,,,,,,,,Roll,,UI_Meta_Star_Tap_No_Upgrade,UI_Meta_Star_Tap_Upgrade,UI_Meta_Star_Mythic_VO,Reveal_epic,Demonic_Spawn_Item,characters.sc,starr_01_idle,starr_01_change,starr_01_final,offer_rarity_super_rare,TID_SEASON_BOX_LEVEL_2,level_2,,,,,,,,,,,,,,,gacha_splitting_star_opening_description_screen_hud_bottom,gatcha_summary_redirecter_brawler_box
UltraSplittingStar,,,,,4,TRUE,SPLITTING_STAR,,,TRUE,,,,TRUE,,,,,,sc3d/bbox_13.scw,CHEST,gacha_yellowflash,,,,,,,,gatcha_screen_lootbox_appear,no_rarity,,,,,,,,,,,,,,,gacha_random_reward_icon,,,,,,,,,,,,Roll,,UI_Meta_Star_Tap_No_Upgrade,UI_Meta_Star_Tap_Upgrade,UI_Meta_Star_Mythic_VO,Reveal_epic,Demonic_Spawn_Item,characters.sc,starr_01_idle,starr_01_change,starr_01_final,offer_rarity_super_rare,TID_SEASON_BOX_LEVEL_2,level_2,,,,,,,,,,,,,,,gacha_splitting_star_opening_description_screen_hud_bottom,gatcha_summary_redirecter_brawler_box
DaredevilBrawlerBox,TID_BRAWLER_BOX_DAREDEVIL,,,,,,BRAWLER_BOX,,,,,,8,TRUE,,,,,,sc3d/bbox_gigi_geo.glb,CHEST,gacha_whiteflash,,,,,,,,gatcha_screen_brawler_gigi_appear,no_rarity,,,,,,,,,,,,,brawlerbox_vfx_open,,gacha_random_reward_icon,,,,,,,,,,,,,,UI_Meta_Star_Tap_No_Upgrade,UI_Meta_Star_Tap_Upgrade,,Reveal_epic,UI_Meta_Star_Tap_Explode,,,,,offer_boxes,,no_rarity,,,,,,,,,,,,,,,,gatcha_summary_daredevil_brawler_box
MechBox,TID_SHOP_MECHBOX,,,,,,MECH_BOX,,,,,14,10,TRUE,,,,,,sc3d/mecha_box_geo.glb,CHEST,gacha_whiteflash,,,,,,,,gatcha_screen_mechabox_appear,no_rarity,,,,,,,,,,,,,mechbox_vfx_open,,gacha_random_reward_icon,,,,,,,,,,,,,,UI_Meta_Star_Tap_No_Upgrade,UI_Meta_Star_Tap_Upgrade,,Reveal_epic,Mecha_Box_Open_SFX,characters.sc,starr_01_idle,starr_01_change,starr_01_final,offer_boxes,,no_rarity,,,,,,,,,,,,,,,,gatcha_summary_redirecter_brawler_box
PierceBox,,,,,,,BRAWLER_BOX,,,,,,8,TRUE,,,,,,sc3d/bbox_pierce_geo.glb,CHEST,gacha_whiteflash,,,,,,,,gatcha_screen_brawler_pierce_appear,no_rarity,,,,,,,,,,,,,brawlerbox_vfx_open,,gacha_random_reward_icon,,,,,,,,,,,,,,UI_Meta_Star_Tap_No_Upgrade,UI_Meta_Star_Tap_Upgrade,,Reveal_epic,Demonic_Spawn_Item,,,,,offer_boxes,,no_rarity,,,,,,,,,,,,,,,,gatcha_summary_pierce_brawler_box
GlowbertBox,,,,,,,BRAWLER_BOX,,,,,,8,TRUE,,,,,,sc3d/bbox_glowbert_geo.glb,CHEST,gacha_whiteflash,,,,,,,,gatcha_screen_brawler_glowbert_appear,no_rarity,,,,,,,,,,,,,,,gacha_random_reward_icon,,0,49,50,199,199,199,199,199,200,260,Roll,,UI_Meta_Star_Tap_No_Upgrade,UI_Meta_Star_Tap_Upgrade,,Reveal_epic,Demonic_Spawn_Item,,,,,offer_boxes,,no_rarity,,,,,,,,,,,,,,,,gatcha_summary_glowbert_brawler_box
ChocolateBox,TID_SHOP_OFFER_TITLE_84,,,,,,CHOCOLATE_BOX,,,,,15,6,TRUE,,,,,,sc3d/chocolate_box_geo.glb,CHEST,gacha_whiteflash,,,,,,,,gatcha_screen_chocolatebox_appear,no_rarity,,,,,,,,,,,,,,,gacha_random_reward_icon,,,,,,,,,,,,Roll,,UI_Meta_Star_Tap_No_Upgrade,UI_Meta_Star_Tap_Upgrade,,Reveal_epic,Demonic_Spawn_Item,characters.sc,starr_01_idle,starr_01_change,starr_01_final,offer_boxes,,no_rarity,,,,,,,,,,,,,,,,gatcha_summary_redirecter_brawler_box
ShadowdemonBox,TID_SHOP_OFFER_TITLE_71,,,,,,BRAWLER_BOX,,,,,,8,TRUE,,,,,,sc3d/bbox_sirius_geo.glb,CHEST,gacha_whiteflash,,,,,,,,gatcha_screen_brawler_sirius_appear,no_rarity,,,,,,,,,,,,,,,gacha_random_reward_icon,,,,,,,,,,,,Roll,,UI_Meta_Star_Tap_No_Upgrade,UI_Meta_Star_Tap_Upgrade,,Reveal_epic,Demonic_Spawn_Item,,,,,offer_boxes,,no_rarity,,,,,,,,,,,,,,,,gatcha_summary_shadowdemon_brawler_box
RedirecterBox,TID_SHOP_OFFER_TITLE_71,,,,,,BRAWLER_BOX,,,,,,8,TRUE,,,,,,sc3d/bbox_najia_geo.glb,CHEST,gacha_whiteflash,,,,,,,,gatcha_screen_brawler_najia_appear,no_rarity,,,,,,,,,,,,,,,gacha_random_reward_icon,,,,,,,,,,,,Roll,,UI_Meta_Star_Tap_No_Upgrade,UI_Meta_Star_Tap_Upgrade,,Reveal_epic,Demonic_Spawn_Item,,,,,offer_boxes,,no_rarity,,,,,,,,,,,,,,,,gatcha_summary_redirecter_brawler_box
AnimeStar,TID_SHOP_OFFER_TITLE_86,,,,,,ANIME_STAR,,,,,16,,TRUE,,,,,,sc3d/starr_nova_reward.glb,CHARGING,,,,,,,,,collab_bg_gacha_starr_nova,no_rarity,collab_starr_nova_gacha_radial_progress,,sc/gacha.sc,magicgirl_spark,gacha_vfx_tap,,,,,,gacha_vfx_superrare,gacha_vfx_superrare_bg,gacha_vfx_open,gacha_vfx_open_bg,gacha_random_reward_icon,collab_starr_nova_gacha_opening_hint,0,25,25,29,0,0,0,0,26,60,Anime_Starr_Appear,Anime_Starr_Seq,UI_Meta_Star_Tap_No_Upgrade,UI_Meta_Star_Tap_Upgrade,,Reveal_rare,Anime_Starr_Open,characters.sc,Nova_starr_01_idle,Nova_starr_01_charge,Nova_starr_01_final,offer_rarity_super_rare,TID_SHOP_STARR_DROP_SUPER_RARE,super_rare,,,,,,,,,,,,,,,collab_starr_nova_random_reward_opening_description_screen_hud_bottom,gatcha_summary_redirecter_brawler_box
GladiatorBox,TID_SHOP_OFFER_TITLE_71,,,,,,BRAWLER_BOX,,,,,,8,TRUE,,,,,,sc3d/megabox_geo.glb,CHEST,gacha_whiteflash,,,,,,,,gatcha_screen_lootbox_appear,no_rarity,,,,,,,,,,,,,,,gacha_random_reward_icon,,,,,,,,,,,,Roll,,UI_Meta_Star_Tap_No_Upgrade,UI_Meta_Star_Tap_Upgrade,,Reveal_epic,Demonic_Spawn_Item,,starr_01_idle,starr_01_change,starr_01_final,offer_rarity_mythic,,no_rarity,,,,,,,,,,,,,,,,gatcha_summary_redirecter_brawler_box
MagicalGirlBox,TID_SHOP_OFFER_TITLE_71,,,,,,BRAWLER_BOX,,,,,,8,TRUE,,,,,,sc3d/bbox_11.scw,CHEST,gacha_whiteflash,,,,,,,,gatcha_screen_lootbox_appear,no_rarity,,,,,,,,,,,,,,,gacha_random_reward_icon,,,,,,,,,,,,Roll,,UI_Meta_Star_Tap_No_Upgrade,UI_Meta_Star_Tap_Upgrade,,Reveal_epic,Demonic_Spawn_Item,,starr_01_idle,starr_01_change,starr_01_final,offer_rarity_mythic,,no_rarity,,,,,,,,,,,,,,,,gatcha_summary_redirecter_brawler_box
RockBox,TID_SHOP_OFFER_TITLE_71,,,,,,BRAWLER_BOX,,,,,,8,TRUE,,,,,,sc3d/bbox_11.scw,CHEST,gacha_whiteflash,,,,,,,,gatcha_screen_lootbox_appear,no_rarity,,,,,,,,,,,,,,,gacha_random_reward_icon,,,,,,,,,,,,Roll,,UI_Meta_Star_Tap_No_Upgrade,UI_Meta_Star_Tap_Upgrade,,Reveal_epic,Demonic_Spawn_Item,,starr_01_idle,starr_01_change,starr_01_final,offer_rarity_mythic,,no_rarity,,,,,,,,,,,,,,,,gatcha_summary_redirecter_brawler_box
